
INSERT INTO `product` (`id`, `brand`, `color`, `name`, `price`, `stock`, `status`) VALUES (1,'Adidas','white','Adidas VL Court 3.0',67.99,5,'visible'),(2,'Nike','black','Nike Court Vision Lo',74.99,2,'visible'),(3,'Puma','blue','Puma Club II Era Suede',70,0,'visible'),(4,'Reebok','white','Reebok Club C 85',100,2,'visible'),(5,'New Balance','blue','New Balance 574 Classic',119.99,4,'visible'),(6,'Converse','white','Converse Chuck Taylor All Star',59.99,5,'visible'),(7,'Vans','black white','Vans Old Skool',69.99,8,'visible'),(8,'Adidas','white','Adidas Superstar',89.99,0,'visible'),(9,'Nike','red','Nike Air Force 1 Valentine',195.99,8,'visible'),(10,'Puma','blue','Puma RS-X',99.99,5,'visible'),(11,'Reebok','black','Reebok Classic Leather',79.99,5,'visible'),(12,'New Balance','white blue','New Balance 327',130,5,'visible'),(13,'Converse','yellow','Converse Chuck Taylor',50.99,5,'visible'),(14,'Vans','green','Vans Authentic',59.99,5,'visible'),(15,'Adidas','blue white','Adidas Forum Low',94.99,5,'visible'),(16,'Nike','brown','Nike Dunk Low',220,5,'visible'),(17,'Puma','red','Puma Smash',54.99,5,'visible'),(18,'Reebok','black brown','Reebok Workout Plus',84.99,5,'visible'),(19,'New Balance','beige','New Balance 237',79.99,5,'visible'),(20,'Converse','black','Converse Run Star Motion',109.99,5,'visible'),(21,'Vans','black','Vans Sk8-Hi',54.99,5,'visible'),(22,'Adidas','blue','Adidas Gazelle',60,5,'visible'),(23,'Nike','white','Nike Blazer Mid \'77',99.99,5,'visible'),(24,'Puma','black','Puma Future Rider',74.99,5,'visible'),(25,'Reebok','white','Reebok Classic Nylon',69.99,5,'visible'),(26,'New Balance','grey','New Balance 530',119.99,5,'visible'),(27,'Converse','white','Converse Chuck 70',89.99,5,'visible'),(28,'Vans','black','Vans ComfyCush Era',64.99,5,'visible'),(29,'Adidas','black','Adidas Samba',89.99,5,'visible'),(30,'Nike','white blue','Nike Daybreak',89.99,5,'visible'),(31,'Puma','white gold','Puma Cali Sport',69.99,5,'visible'),(32,'Reebok','grey','Reebok Classic Legacy',100.99,5,'visible'),(33,'New Balance','black','New Balance 997H',99.99,5,'visible'),(34,'Converse','white black','Converse Pro Leather',84.99,5,'visible'),(35,'Vans','grey','Vans Ultrarange',130,5,'visible'),(36,'Adidas','white','Adidas Continental 80',84.99,5,'visible'),(37,'Nike','grey brown','Nike Killshot 2',89.99,5,'visible'),(38,'Puma','black','Puma Suede Classic',74.99,5,'visible'),(39,'Reebok','white','Reebok Classic Nylon Legacy',89.99,5,'visible'),(40,'New Balance','silver','New Balance 530 Classic',124.99,5,'visible'),(41,'Converse','pink','Converse Chuck 70 High',94.99,5,'visible'),(42,'Vans','black','Vans ComfyCush Era Platform',69.99,5,'visible'),(43,'Adidas','black','Adidas NMD R1',129.99,5,'visible'),(44,'Nike','white','Nike Air Max 90',119.99,5,'visible'),(45,'Puma','black','Puma RS-X³',109.99,5,'visible'),(46,'Reebok','white','Reebok Classic Nylon Legacy',79.99,5,'visible'),(47,'New Balance','grey','New Balance 327 Classic',89.99,5,'visible'),(48,'Converse','black','Converse One Star Pro',74.99,5,'visible'),(49,'Vans','navy','Vans ComfyCush Authentic',59.99,5,'visible'),(50,'Adidas','white','Adidas Forum Low 84',94.99,5,'visible'),(51,'Nike','green','Nike Dunk Low Retro',99.99,5,'visible'),(52,'Puma','white','Puma Smash Platform',69.99,5,'visible'),(53,'Reebok','grey','Reebok Workout Plus Legacy',89.99,5,'visible'),(54,'New Balance','beige','New Balance 237 Classic',84.99,5,'visible'),(55,'Converse','black','Converse Run Star Hike',114.99,5,'visible'),(56,'Vans','black','Vans Sk8-Hi Platform',84.99,5,'visible'),(57,'Adidas','blue','Adidas Gazelle Indoor',94.99,5,'visible'),(58,'Nike','white','Nike Blazer Mid Vintage',104.99,5,'visible'),(59,'Puma','black','Puma Future Rider Play On',79.99,5,'visible'),(60,'Reebok','white','Reebok Classic Nylon Plus',74.99,5,'visible'),(61,'New Balance','grey','New Balance 530 Classic',124.99,5,'visible'),(62,'Converse','cream','Converse Chuck 70',89.99,5,'visible'),(63,'Vans','black','Vans ComfyCush Era Platform',69.99,5,'visible');

INSERT INTO `product_image` (`id`, `img_url`, `product_id`) VALUES (1,'https://cdn.sarenza.cloud/_img/productsv4/0000403275/0000403275_700998_09_504x690.jpg?202411051000&v=20250528164430',1),(2,'https://cdn.sarenza.cloud/_img/productsv4/0000403275/0000403275_700998_03_504x690.jpg?202411051000&v=20250528164430',1),(3,'https://cdn.sarenza.cloud/_img/productsv4/0000403275/0000403275_700998_06_504x690.jpg?202411051000&v=20250528164430',1),(4,'https://cdn.sarenza.cloud/_img/productsv4/0000403275/0000403275_700998_05_504x690.jpg?202411051000&v=20250528164430',1),(5,'https://cdn.sarenza.cloud/_img/productsv4/0000339120/0000339120_603868_09_504x690.jpg?202411051000&v=20250528164430',2),(6,'https://cdn.sarenza.cloud/_img/productsv4/0000339120/0000339120_603868_03_504x690.jpg?202411051000&v=20250528164430',2),(7,'https://cdn.sarenza.cloud/_img/productsv4/0000339120/0000339120_603868_06_504x690.jpg?202411051000&v=20250528164430',2),(8,'https://cdn.sarenza.cloud/_img/productsv4/0000339120/0000339120_603868_05_504x690.jpg?202411051000&v=20250528164430',2),(9,'https://cdn.sarenza.cloud/_img/productsv4/0000480683/0000480683_823955_09_504x690.jpg?202501241544&v=20250528164430',3),(10,'https://cdn.sarenza.cloud/_img/productsv4/0000480683/0000480683_823955_03_504x690.jpg?202501241544&v=20250528164430',3),(11,'https://cdn.sarenza.cloud/_img/productsv4/0000480683/0000480683_823955_06_504x690.jpg?202501241544&v=20250528164430',3),(12,'https://cdn.sarenza.cloud/_img/productsv4/0000480683/0000480683_823955_05_504x690.jpg?202501241544&v=20250528164430',3),(13,'https://cdn.sarenza.cloud/_img/productsv4/0000152347/0000152347_290283_09_504x690.jpg?202411051000&v=20250528164430',4),(14,'https://cdn.sarenza.cloud/_img/productsv4/0000152347/0000152347_290283_03_504x690.jpg?202411051000&v=20250528164430',4),(15,'https://cdn.sarenza.cloud/_img/productsv4/0000152347/0000152347_290283_06_504x690.jpg?202411051000&v=20250528164430',4),(16,'https://cdn.sarenza.cloud/_img/productsv4/0000152347/0000152347_290283_05_504x690.jpg?202411051000&v=20250528164430',4),(17,'https://cdn.sarenza.cloud/_img/productsv4/0000286948/0000286948_549727_09_504x690.jpg?202411051000&v=20180830155342',5),(18,'https://cdn.sarenza.cloud/_img/productsv4/0000286948/0000286948_549727_03_504x690.jpg?202411051000&v=20180830155342',5),(19,'https://cdn.sarenza.cloud/_img/productsv4/0000286948/0000286948_549727_06_504x690.jpg?202411051000&v=20180830155342',5),(20,'https://cdn.sarenza.cloud/_img/productsv4/0000286948/0000286948_549727_05_504x690.jpg?202411051000&v=20180830155342',5),(21,'https://cdn.sarenza.cloud/_img/productsv4/0000017267/0000017267_13631_09_504x690.jpg?202411051000&v=20180830155342',6),(22,'https://cdn.sarenza.cloud/_img/productsv4/0000017267/0000017267_13631_03_504x690.jpg?202411051000&v=20180830155342',6),(23,'https://cdn.sarenza.cloud/_img/productsv4/0000017267/0000017267_13631_06_504x690.jpg?202411051000&v=20180830155342',6),(24,'https://cdn.sarenza.cloud/_img/productsv4/0000017267/0000017267_13631_05_504x690.jpg?202411051000&v=20180830155342',6),(25,'https://cdn.sarenza.cloud/_img/productsv4/0000004313/0000004313_150354_09_504x690.jpg?202411051000&v=20180830155342',7),(26,'https://cdn.sarenza.cloud/_img/productsv4/0000004313/0000004313_150354_03_504x690.jpg?202411051000&v=20180830155342',7),(27,'https://cdn.sarenza.cloud/_img/productsv4/0000004313/0000004313_150354_06_504x690.jpg?202411051000&v=20180830155342',7),(28,'https://cdn.sarenza.cloud/_img/productsv4/0000004313/0000004313_150354_05_504x690.jpg?202411051000&v=20180830155342',7),(29,'https://cdn.sarenza.cloud/_img/productsv4/0000350082/0000350082_831475_09_504x690.jpg?202412160844&v=20180830155342',8),(30,'https://cdn.sarenza.cloud/_img/productsv4/0000350082/0000350082_831475_03_504x690.jpg?202412160844&v=20180830155342',8),(31,'https://cdn.sarenza.cloud/_img/productsv4/0000350082/0000350082_831475_06_504x690.jpg?202412160844&v=20180830155342',8),(32,'https://cdn.sarenza.cloud/_img/productsv4/0000350082/0000350082_831475_05_504x690.jpg?202412160844&v=20180830155342',8),(33,'https://cdn.sarenza.cloud/_img/productsv4/0000426538/0000426538_738937_01_504x690.jpg?v=20180830155342',9),(34,'https://cdn.sarenza.cloud/_img/productsv4/0000426538/0000426538_738937_03_504x690.jpg?v=20180830155342',9),(35,'https://cdn.sarenza.cloud/_img/productsv4/0000426538/0000426538_738937_06_504x690.jpg?v=20180830155342',9),(36,'https://cdn.sarenza.cloud/_img/productsv4/0000426538/0000426538_738937_05_504x690.jpg?v=20180830155342',9),(37,'https://cdn.sarenza.cloud/_img/productsv4/0000351510/0000351510_623281_09_504x690.jpg?202411051000&v=20180830155342',10),(38,'https://cdn.sarenza.cloud/_img/productsv4/0000351510/0000351510_623281_03_504x690.jpg?202411051000&v=20180830155342',10),(39,'https://cdn.sarenza.cloud/_img/productsv4/0000351510/0000351510_623281_06_504x690.jpg?202411051000&v=20180830155342',10),(40,'https://cdn.sarenza.cloud/_img/productsv4/0000351510/0000351510_623281_05_504x690.jpg?202411051000&v=20180830155342',10),(41,'https://cdn.sarenza.cloud/_img/productsv4/0000104973/0000104973_554396_09_504x690.jpg?202411051000&v=20180830155342',11),(42,'https://cdn.sarenza.cloud/_img/productsv4/0000104973/0000104973_554396_03_504x690.jpg?202411051000&v=20180830155342',11),(43,'https://cdn.sarenza.cloud/_img/productsv4/0000104973/0000104973_554396_06_504x690.jpg?202411051000&v=20180830155342',11),(44,'https://cdn.sarenza.cloud/_img/productsv4/0000104973/0000104973_554396_05_504x690.jpg?202411051000&v=20180830155342',11),(45,'https://cdn.sarenza.cloud/_img/productsv4/0000244276/0000244276_653220_09_504x690.jpg?202411051000&v=20180830155342',12),(46,'https://cdn.sarenza.cloud/_img/productsv4/0000244276/0000244276_653220_03_504x690.jpg?202411051000&v=20180830155342',12),(47,'https://cdn.sarenza.cloud/_img/productsv4/0000244276/0000244276_653220_06_504x690.jpg?202411051000&v=20180830155342',12),(48,'https://cdn.sarenza.cloud/_img/productsv4/0000244276/0000244276_653220_05_504x690.jpg?202411051000&v=20180830155342',12),(49,'https://cdn.sarenza.cloud/_img/productsv4/0000462117/0000462117_864396_09_504x690.jpg?202504241543&v=20180830155342',13),(50,'https://cdn.sarenza.cloud/_img/productsv4/0000462117/0000462117_864396_03_504x690.jpg?202504241543&v=20180830155342',13),(51,'https://cdn.sarenza.cloud/_img/productsv4/0000462117/0000462117_864396_06_504x690.jpg?202504241543&v=20180830155342',13),(52,'https://cdn.sarenza.cloud/_img/productsv4/0000462117/0000462117_864396_05_504x690.jpg?202504241543&v=20180830155342',13),(53,'https://cdn.sarenza.cloud/_img/productsv4/0000047880/0000047880_843578_09_504x690.jpg?202505090841&v=20180830155342',14),(54,'https://cdn.sarenza.cloud/_img/productsv4/0000047880/0000047880_843578_03_504x690.jpg?202505090841&v=20180830155342',14),(55,'https://cdn.sarenza.cloud/_img/productsv4/0000047880/0000047880_843578_06_504x690.jpg?202505090841&v=20180830155342',14),(56,'https://cdn.sarenza.cloud/_img/productsv4/0000047880/0000047880_843578_05_504x690.jpg?202505090841&v=20180830155342',14),(57,'https://cdn.sarenza.cloud/_img/productsv4/0000283780/0000283780_517103_09_504x690.jpg?202411051000&v=20180830155342',15),(58,'https://cdn.sarenza.cloud/_img/productsv4/0000283780/0000283780_517103_03_504x690.jpg?202411051000&v=20180830155342',15),(59,'https://cdn.sarenza.cloud/_img/productsv4/0000283780/0000283780_517103_06_504x690.jpg?202411051000&v=20180830155342',15),(60,'https://cdn.sarenza.cloud/_img/productsv4/0000283780/0000283780_517103_05_504x690.jpg?202411051000&v=20180830155342',15),(61,'https://cdn.sarenza.cloud/_img/productsv4/0000426520/0000426520_738918_05_504x690.jpg?v=20180830155342',16),(62,'https://cdn.sarenza.cloud/_img/productsv4/0000426520/0000426520_738918_04_504x690.jpg?v=20180830155342',16),(63,'https://cdn.sarenza.cloud/_img/productsv4/0000426520/0000426520_738918_09_504x690.jpg?v=20180830155342',16),(64,'https://cdn.sarenza.cloud/_img/productsv4/0000426520/0000426520_738918_06_504x690.jpg?v=20180830155342',16),(65,'https://cdn.sarenza.cloud/_img/productsv4/0000480498/0000480498_823649_09_504x690.jpg?202501270846&v=20180830155342',17),(66,'https://cdn.sarenza.cloud/_img/productsv4/0000480498/0000480498_823649_03_504x690.jpg?202501270846&v=20180830155342',17),(67,'https://cdn.sarenza.cloud/_img/productsv4/0000480498/0000480498_823649_06_504x690.jpg?202501270846&v=20180830155342',17),(68,'https://cdn.sarenza.cloud/_img/productsv4/0000480498/0000480498_823649_05_504x690.jpg?202501270846&v=20180830155342',17),(69,'https://cdn.sarenza.cloud/_img/productsv4/0000083499/0000083499_343512_09_504x690.jpg?202411051000&v=20180830155342',18),(70,'https://cdn.sarenza.cloud/_img/productsv4/0000083499/0000083499_343512_03_504x690.jpg?202411051000&v=20180830155342',18),(71,'https://cdn.sarenza.cloud/_img/productsv4/0000083499/0000083499_343512_06_504x690.jpg?202411051000&v=20180830155342',18),(72,'https://cdn.sarenza.cloud/_img/productsv4/0000083499/0000083499_343512_05_504x690.jpg?202411051000&v=20180830155342',18),(73,'https://cdn.sarenza.cloud/_img/productsv4/0000244276/0000244276_653220_09_504x690.jpg?202411051000&v=20180830155342',19),(74,'https://cdn.sarenza.cloud/_img/productsv4/0000244276/0000244276_653220_03_504x690.jpg?202411051000&v=20180830155342',19),(75,'https://cdn.sarenza.cloud/_img/productsv4/0000244276/0000244276_653220_06_504x690.jpg?202411051000&v=20180830155342',19),(76,'https://cdn.sarenza.cloud/_img/productsv4/0000244276/0000244276_653220_05_504x690.jpg?202411051000&v=20180830155342',19),(77,'https://cdn.sarenza.cloud/_img/productsv4/0000304330/0000304330_583913_09_504x690.jpg?202411051000&v=20180830155342',20),(78,'https://cdn.sarenza.cloud/_img/productsv4/0000304330/0000304330_583913_03_504x690.jpg?202411051000&v=20180830155342',20),(79,'https://cdn.sarenza.cloud/_img/productsv4/0000304330/0000304330_583913_06_504x690.jpg?202411051000&v=20180830155342',20),(80,'https://cdn.sarenza.cloud/_img/productsv4/0000304330/0000304330_583913_05_504x690.jpg?202411051000&v=20180830155342',20),(81,'https://cdn.sarenza.cloud/_img/productsv4/0000020937/0000020937_181457_09_504x690.jpg?202411051000&v=20180830155342',21),(82,'https://cdn.sarenza.cloud/_img/productsv4/0000020937/0000020937_181457_03_504x690.jpg?202411051000&v=20180830155342',21),(83,'https://cdn.sarenza.cloud/_img/productsv4/0000020937/0000020937_181457_06_504x690.jpg?202411051000&v=20180830155342',21),(84,'https://cdn.sarenza.cloud/_img/productsv4/0000020937/0000020937_181457_05_504x690.jpg?202411051000&v=20180830155342',21),(85,'https://cdn.sarenza.cloud/_img/productsv4/0000150370/0000150370_300882_09_504x690.jpg?202411051000&v=20180830155342',22),(86,'https://cdn.sarenza.cloud/_img/productsv4/0000150370/0000150370_300882_03_504x690.jpg?202411051000&v=20180830155342',22),(87,'https://cdn.sarenza.cloud/_img/productsv4/0000150370/0000150370_300882_06_504x690.jpg?202411051000&v=20180830155342',22),(88,'https://cdn.sarenza.cloud/_img/productsv4/0000150370/0000150370_300882_05_504x690.jpg?202411051000&v=20180830155342',22),(89,'https://cdn.sarenza.cloud/_img/productsv4/0000339111/0000339111_603815_09_504x690.jpg?202411051000&v=20180830155342',23),(90,'https://cdn.sarenza.cloud/_img/productsv4/0000339111/0000339111_603815_03_504x690.jpg?202411051000&v=20180830155342',23),(91,'https://cdn.sarenza.cloud/_img/productsv4/0000339111/0000339111_603815_06_504x690.jpg?202411051000&v=20180830155342',23),(92,'https://cdn.sarenza.cloud/_img/productsv4/0000339111/0000339111_603815_05_504x690.jpg?202411051000&v=20180830155342',23),(93,'https://cdn.sarenza.cloud/_img/productsv4/0000304330/0000304330_583913_09_504x690.jpg?202411051000&v=20180830155342',24),(94,'https://cdn.sarenza.cloud/_img/productsv4/0000304330/0000304330_583913_03_504x690.jpg?202411051000&v=20180830155342',24),(95,'https://cdn.sarenza.cloud/_img/productsv4/0000304330/0000304330_583913_06_504x690.jpg?202411051000&v=20180830155342',24),(96,'https://cdn.sarenza.cloud/_img/productsv4/0000304330/0000304330_583913_05_504x690.jpg?202411051000&v=20180830155342',24),(97,'https://cdn.sarenza.cloud/_img/productsv4/0000104974/0000104974_554323_09_504x690.jpg?202411051000&v=20180830155342',25),(98,'https://cdn.sarenza.cloud/_img/productsv4/0000104974/0000104974_554323_03_504x690.jpg?202411051000&v=20180830155342',25),(99,'https://cdn.sarenza.cloud/_img/productsv4/0000104974/0000104974_554323_06_504x690.jpg?202411051000&v=20180830155342',25),(100,'https://cdn.sarenza.cloud/_img/productsv4/0000104974/0000104974_554323_05_504x690.jpg?202411051000&v=20180830155342',25),(101,'https://cdn.sarenza.cloud/_img/productsv4/0000339120/0000339120_603868_09_504x690.jpg?202411051000&v=20250528164430',26),(102,'https://cdn.sarenza.cloud/_img/productsv4/0000339120/0000339120_603868_03_504x690.jpg?202411051000&v=20250528164430',26),(103,'https://cdn.sarenza.cloud/_img/productsv4/0000339120/0000339120_603868_06_504x690.jpg?202411051000&v=20250528164430',26),(104,'https://cdn.sarenza.cloud/_img/productsv4/0000339120/0000339120_603868_05_504x690.jpg?202411051000&v=20250528164430',26),(105,'https://cdn.sarenza.cloud/_img/productsv4/0000010185/0000010185_6938_09_504x690.jpg?202411051000&v=20180830155342',27),(106,'https://cdn.sarenza.cloud/_img/productsv4/0000010185/0000010185_6938_03_504x690.jpg?202411051000&v=20180830155342',27),(107,'https://cdn.sarenza.cloud/_img/productsv4/0000010185/0000010185_6938_06_504x690.jpg?202411051000&v=20180830155342',27),(108,'https://cdn.sarenza.cloud/_img/productsv4/0000010185/0000010185_6938_05_504x690.jpg?202411051000&v=20180830155342',27),(109,'https://cdn.sarenza.cloud/_img/productsv4/0000429742/0000429742_743994_01_504x690.jpg?v=20180830155342',28),(110,'https://cdn.sarenza.cloud/_img/productsv4/0000429742/0000429742_743994_03_504x690.jpg?v=20180830155342',28),(111,'https://cdn.sarenza.cloud/_img/productsv4/0000429742/0000429742_743994_06_504x690.jpg?v=20180830155342',28),(112,'https://cdn.sarenza.cloud/_img/productsv4/0000429742/0000429742_743994_05_504x690.jpg?v=20180830155342',28),(113,'https://cdn.sarenza.cloud/_img/productsv4/0000350129/0000350129_620904_09_504x690.jpg?202411051000&v=20180830155342',29),(114,'https://cdn.sarenza.cloud/_img/productsv4/0000350129/0000350129_620904_03_504x690.jpg?202411051000&v=20180830155342',29),(115,'https://cdn.sarenza.cloud/_img/productsv4/0000350129/0000350129_620904_06_504x690.jpg?202411051000&v=20180830155342',29),(116,'https://cdn.sarenza.cloud/_img/productsv4/0000350129/0000350129_620904_05_504x690.jpg?202411051000&v=20180830155342',29),(117,'https://cdn.sarenza.cloud/_img/productsv4/0000402945/0000402945_700532_01_504x690.jpg?v=20180830155342',30),(118,'https://cdn.sarenza.cloud/_img/productsv4/0000402945/0000402945_700532_03_504x690.jpg?v=20180830155342',30),(119,'https://cdn.sarenza.cloud/_img/productsv4/0000402945/0000402945_700532_06_504x690.jpg?v=20180830155342',30),(120,'https://cdn.sarenza.cloud/_img/productsv4/0000402945/0000402945_700532_05_504x690.jpg?v=20180830155342',30),(121,'https://cdn.sarenza.cloud/_img/productsv4/0000334129/0000334129_597118_09_504x690.jpg?202411051000&v=20180830155342',31),(122,'https://cdn.sarenza.cloud/_img/productsv4/0000334129/0000334129_597118_03_504x690.jpg?202411051000&v=20180830155342',31),(123,'https://cdn.sarenza.cloud/_img/productsv4/0000334129/0000334129_597118_06_504x690.jpg?202411051000&v=20180830155342',31),(124,'https://cdn.sarenza.cloud/_img/productsv4/0000334129/0000334129_597118_05_504x690.jpg?202411051000&v=20180830155342',31),(125,'https://cdn.sarenza.cloud/_img/productsv4/0000284013/0000284013_623406_09_504x690.jpg?202411051000&v=20180830155342',32),(126,'https://cdn.sarenza.cloud/_img/productsv4/0000284013/0000284013_623406_03_504x690.jpg?202411051000&v=20180830155342',32),(127,'https://cdn.sarenza.cloud/_img/productsv4/0000284013/0000284013_623406_06_504x690.jpg?202411051000&v=20180830155342',32),(128,'https://cdn.sarenza.cloud/_img/productsv4/0000284013/0000284013_623406_05_504x690.jpg?202411051000&v=20180830155342',32),(129,'https://cdn.sarenza.cloud/_img/productsv4/0000184889/0000184889_406368_09_504x690.jpg?202411051000&v=20180830155342',33),(130,'https://cdn.sarenza.cloud/_img/productsv4/0000184889/0000184889_406368_03_504x690.jpg?202411051000&v=20180830155342',33),(131,'https://cdn.sarenza.cloud/_img/productsv4/0000184889/0000184889_406368_06_504x690.jpg?202411051000&v=20180830155342',33),(132,'https://cdn.sarenza.cloud/_img/productsv4/0000184889/0000184889_406368_05_504x690.jpg?202411051000&v=20180830155342',33),(133,'https://cdn.sarenza.cloud/_img/productsv4/0000462115/0000462115_864375_09_504x690.jpg?202505071642&v=20180830155342',34),(134,'https://cdn.sarenza.cloud/_img/productsv4/0000462115/0000462115_864375_03_504x690.jpg?202505071642&v=20180830155342',34),(135,'https://cdn.sarenza.cloud/_img/productsv4/0000462115/0000462115_864375_06_504x690.jpg?202505071642&v=20180830155342',34),(136,'https://cdn.sarenza.cloud/_img/productsv4/0000462115/0000462115_864375_05_504x690.jpg?202505071642&v=20180830155342',34),(137,'https://cdn.sarenza.cloud/_img/productsv4/0000425927/0000425927_843448_09_504x690.jpg?202503100844&v=20180830155342',35),(138,'https://cdn.sarenza.cloud/_img/productsv4/0000425927/0000425927_843448_03_504x690.jpg?202503100844&v=20180830155342',35),(139,'https://cdn.sarenza.cloud/_img/productsv4/0000425927/0000425927_843448_06_504x690.jpg?202503100844&v=20180830155342',35),(140,'https://cdn.sarenza.cloud/_img/productsv4/0000425927/0000425927_843448_05_504x690.jpg?202503100844&v=20180830155342',35),(141,'https://cdn.sarenza.cloud/_img/productsv4/0000180844/0000180844_343163_09_504x690.jpg?201812211907&v=20180830155342',36),(142,'https://cdn.sarenza.cloud/_img/productsv4/0000180844/0000180844_343163_03_504x690.jpg?201812211907&v=20180830155342',36),(143,'https://cdn.sarenza.cloud/_img/productsv4/0000180844/0000180844_343163_06_504x690.jpg?201812211907&v=20180830155342',36),(144,'https://cdn.sarenza.cloud/_img/productsv4/0000180844/0000180844_343163_05_504x690.jpg?201812211907&v=20180830155342',36),(145,'https://cdn.sarenza.cloud/_img/productsv4/0000506516/0000506516_867765_01_504x690.jpg?v=20180830155342',37),(146,'https://cdn.sarenza.cloud/_img/productsv4/0000506516/0000506516_867765_03_504x690.jpg?v=20180830155342',37),(147,'https://cdn.sarenza.cloud/_img/productsv4/0000506516/0000506516_867765_06_504x690.jpg?v=20180830155342',37),(148,'https://cdn.sarenza.cloud/_img/productsv4/0000506516/0000506516_867765_05_504x690.jpg?v=20180830155342',37),(149,'https://cdn.sarenza.cloud/_img/productsv4/0000030320/0000030320_731726_09_504x690.jpg?202411051000&v=20180830155342',38),(150,'https://cdn.sarenza.cloud/_img/productsv4/0000030320/0000030320_731726_03_504x690.jpg?202411051000&v=20180830155342',38),(151,'https://cdn.sarenza.cloud/_img/productsv4/0000030320/0000030320_731726_06_504x690.jpg?202411051000&v=20180830155342',38),(152,'https://cdn.sarenza.cloud/_img/productsv4/0000030320/0000030320_731726_05_504x690.jpg?202411051000&v=20180830155342',38),(153,'https://cdn.sarenza.cloud/_img/productsv4/0000222138/0000222138_623073_09_504x690.jpg?202411051000&v=20180830155342',39),(154,'https://cdn.sarenza.cloud/_img/productsv4/0000222138/0000222138_623073_03_504x690.jpg?202411051000&v=20180830155342',39),(155,'https://cdn.sarenza.cloud/_img/productsv4/0000222138/0000222138_623073_06_504x690.jpg?202411051000&v=20180830155342',39),(156,'https://cdn.sarenza.cloud/_img/productsv4/0000222138/0000222138_623073_05_504x690.jpg?202411051000&v=20180830155342',39),(157,'https://cdn.sarenza.cloud/_img/productsv4/0000226176/0000226176_694508_09_504x690.jpg?202411051000&v=20180830155342',40),(158,'https://cdn.sarenza.cloud/_img/productsv4/0000226176/0000226176_694508_03_504x690.jpg?202411051000&v=20180830155342',40),(159,'https://cdn.sarenza.cloud/_img/productsv4/0000226176/0000226176_694508_06_504x690.jpg?202411051000&v=20180830155342',40),(160,'https://cdn.sarenza.cloud/_img/productsv4/0000226176/0000226176_694508_05_504x690.jpg?202411051000&v=20180830155342',40),(161,'https://cdn.sarenza.cloud/_img/productsv4/0000010185/0000010185_846558_09_504x690.jpg?202503281408&v=20180830155342',41),(162,'https://cdn.sarenza.cloud/_img/productsv4/0000010185/0000010185_846558_03_504x690.jpg?202503281408&v=20180830155342',41),(163,'https://cdn.sarenza.cloud/_img/productsv4/0000010185/0000010185_846558_06_504x690.jpg?202503281408&v=20180830155342',41),(164,'https://cdn.sarenza.cloud/_img/productsv4/0000010185/0000010185_846558_05_504x690.jpg?202503281408&v=20180830155342',41),(165,'https://cdn.sarenza.cloud/_img/productsv4/0000429742/0000429742_743994_01_504x690.jpg?v=20180830155342',42),(166,'https://cdn.sarenza.cloud/_img/productsv4/0000429742/0000429742_743994_03_504x690.jpg?v=20180830155342',42),(167,'https://cdn.sarenza.cloud/_img/productsv4/0000429742/0000429742_743994_06_504x690.jpg?v=20180830155342',42),(168,'https://cdn.sarenza.cloud/_img/productsv4/0000429742/0000429742_743994_05_504x690.jpg?v=20180830155342',42),(169,'https://cdn.sarenza.cloud/_img/productsv4/0000139448/0000139448_556350_09_504x690.jpg?202411051000&v=20180830155342',43),(170,'https://cdn.sarenza.cloud/_img/productsv4/0000139448/0000139448_556350_03_504x690.jpg?202411051000&v=20180830155342',43),(171,'https://cdn.sarenza.cloud/_img/productsv4/0000139448/0000139448_556350_06_504x690.jpg?202411051000&v=20180830155342',43),(172,'https://cdn.sarenza.cloud/_img/productsv4/0000139448/0000139448_556350_05_504x690.jpg?202411051000&v=20180830155342',43),(173,'https://cdn.sarenza.cloud/_img/productsv4/0000403048/0000403048_700635_01_504x690.jpg?v=20180830155342',44),(174,'https://cdn.sarenza.cloud/_img/productsv4/0000403048/0000403048_700635_03_504x690.jpg?v=20180830155342',44),(175,'https://cdn.sarenza.cloud/_img/productsv4/0000403048/0000403048_700635_06_504x690.jpg?v=20180830155342',44),(176,'https://cdn.sarenza.cloud/_img/productsv4/0000403048/0000403048_700635_05_504x690.jpg?v=20180830155342',44),(177,'https://cdn.sarenza.cloud/_img/productsv4/0000351466/0000351466_623181_09_504x690.jpg?202411051000&v=20180830155342',45),(178,'https://cdn.sarenza.cloud/_img/productsv4/0000351466/0000351466_623181_03_504x690.jpg?202411051000&v=20180830155342',45),(179,'https://cdn.sarenza.cloud/_img/productsv4/0000351466/0000351466_623181_06_504x690.jpg?202411051000&v=20180830155342',45),(180,'https://cdn.sarenza.cloud/_img/productsv4/0000351466/0000351466_623181_05_504x690.jpg?202411051000&v=20180830155342',45),(181,'https://cdn.sarenza.cloud/_img/productsv4/0000339120/0000339120_603868_09_504x690.jpg?202411051000&v=20250528164430',46),(182,'https://cdn.sarenza.cloud/_img/productsv4/0000339120/0000339120_603868_03_504x690.jpg?202411051000&v=20250528164430',46),(183,'https://cdn.sarenza.cloud/_img/productsv4/0000339120/0000339120_603868_06_504x690.jpg?202411051000&v=20250528164430',46),(184,'https://cdn.sarenza.cloud/_img/productsv4/0000339120/0000339120_603868_05_504x690.jpg?202411051000&v=20250528164430',46),(185,'https://cdn.sarenza.cloud/_img/productsv4/0000480683/0000480683_823955_09_504x690.jpg?202501241544&v=20250528164430',47),(186,'https://cdn.sarenza.cloud/_img/productsv4/0000480683/0000480683_823955_03_504x690.jpg?202501241544&v=20250528164430',47),(187,'https://cdn.sarenza.cloud/_img/productsv4/0000480683/0000480683_823955_06_504x690.jpg?202501241544&v=20250528164430',47),(188,'https://cdn.sarenza.cloud/_img/productsv4/0000480683/0000480683_823955_05_504x690.jpg?202501241544&v=20250528164430',47),(189,'https://cdn.sarenza.cloud/_img/productsv4/0000152347/0000152347_290283_09_504x690.jpg?202411051000&v=20250528164430',48),(190,'https://cdn.sarenza.cloud/_img/productsv4/0000152347/0000152347_290283_03_504x690.jpg?202411051000&v=20250528164430',48),(191,'https://cdn.sarenza.cloud/_img/productsv4/0000152347/0000152347_290283_06_504x690.jpg?202411051000&v=20250528164430',48),(192,'https://cdn.sarenza.cloud/_img/productsv4/0000152347/0000152347_290283_05_504x690.jpg?202411051000&v=20250528164430',48),(193,'https://cdn.sarenza.cloud/_img/productsv4/0000403275/0000403275_700998_09_504x690.jpg?202411051000&v=20250528164430',49),(194,'https://cdn.sarenza.cloud/_img/productsv4/0000403275/0000403275_700998_03_504x690.jpg?202411051000&v=20250528164430',49),(195,'https://cdn.sarenza.cloud/_img/productsv4/0000403275/0000403275_700998_06_504x690.jpg?202411051000&v=20250528164430',49),(196,'https://cdn.sarenza.cloud/_img/productsv4/0000403275/0000403275_700998_05_504x690.jpg?202411051000&v=20250528164430',49),(197,'https://cdn.sarenza.cloud/_img/productsv4/0000339120/0000339120_603868_09_504x690.jpg?202411051000&v=20250528164430',50),(198,'https://cdn.sarenza.cloud/_img/productsv4/0000339120/0000339120_603868_03_504x690.jpg?202411051000&v=20250528164430',50),(199,'https://cdn.sarenza.cloud/_img/productsv4/0000339120/0000339120_603868_06_504x690.jpg?202411051000&v=20250528164430',50),(200,'https://cdn.sarenza.cloud/_img/productsv4/0000339120/0000339120_603868_05_504x690.jpg?202411051000&v=20250528164430',50),(201,'https://cdn.sarenza.cloud/_img/productsv4/0000480683/0000480683_823955_09_504x690.jpg?202501241544&v=20250528164430',51),(202,'https://cdn.sarenza.cloud/_img/productsv4/0000480683/0000480683_823955_03_504x690.jpg?202501241544&v=20250528164430',51),(203,'https://cdn.sarenza.cloud/_img/productsv4/0000480683/0000480683_823955_06_504x690.jpg?202501241544&v=20250528164430',51),(204,'https://cdn.sarenza.cloud/_img/productsv4/0000480683/0000480683_823955_05_504x690.jpg?202501241544&v=20250528164430',51),(205,'https://cdn.sarenza.cloud/_img/productsv4/0000152347/0000152347_290283_09_504x690.jpg?202411051000&v=20250528164430',52),(206,'https://cdn.sarenza.cloud/_img/productsv4/0000152347/0000152347_290283_03_504x690.jpg?202411051000&v=20250528164430',52),(207,'https://cdn.sarenza.cloud/_img/productsv4/0000152347/0000152347_290283_06_504x690.jpg?202411051000&v=20250528164430',52),(208,'https://cdn.sarenza.cloud/_img/productsv4/0000152347/0000152347_290283_05_504x690.jpg?202411051000&v=20250528164430',52),(209,'https://cdn.sarenza.cloud/_img/productsv4/0000403275/0000403275_700998_09_504x690.jpg?202411051000&v=20250528164430',53),(210,'https://cdn.sarenza.cloud/_img/productsv4/0000403275/0000403275_700998_03_504x690.jpg?202411051000&v=20250528164430',53),(211,'https://cdn.sarenza.cloud/_img/productsv4/0000403275/0000403275_700998_06_504x690.jpg?202411051000&v=20250528164430',53),(212,'https://cdn.sarenza.cloud/_img/productsv4/0000403275/0000403275_700998_05_504x690.jpg?202411051000&v=20250528164430',53),(213,'https://cdn.sarenza.cloud/_img/productsv4/0000339120/0000339120_603868_09_504x690.jpg?202411051000&v=20250528164430',54),(214,'https://cdn.sarenza.cloud/_img/productsv4/0000339120/0000339120_603868_03_504x690.jpg?202411051000&v=20250528164430',54),(215,'https://cdn.sarenza.cloud/_img/productsv4/0000339120/0000339120_603868_06_504x690.jpg?202411051000&v=20250528164430',54),(216,'https://cdn.sarenza.cloud/_img/productsv4/0000339120/0000339120_603868_05_504x690.jpg?202411051000&v=20250528164430',54),(217,'https://cdn.sarenza.cloud/_img/productsv4/0000480683/0000480683_823955_09_504x690.jpg?202501241544&v=20250528164430',55),(218,'https://cdn.sarenza.cloud/_img/productsv4/0000480683/0000480683_823955_03_504x690.jpg?202501241544&v=20250528164430',55),(219,'https://cdn.sarenza.cloud/_img/productsv4/0000480683/0000480683_823955_06_504x690.jpg?202501241544&v=20250528164430',55),(220,'https://cdn.sarenza.cloud/_img/productsv4/0000480683/0000480683_823955_05_504x690.jpg?202501241544&v=20250528164430',55),(221,'https://cdn.sarenza.cloud/_img/productsv4/0000152347/0000152347_290283_09_504x690.jpg?202411051000&v=20250528164430',56),(222,'https://cdn.sarenza.cloud/_img/productsv4/0000152347/0000152347_290283_03_504x690.jpg?202411051000&v=20250528164430',56),(223,'https://cdn.sarenza.cloud/_img/productsv4/0000152347/0000152347_290283_06_504x690.jpg?202411051000&v=20250528164430',56),(224,'https://cdn.sarenza.cloud/_img/productsv4/0000152347/0000152347_290283_05_504x690.jpg?202411051000&v=20250528164430',56),(225,'https://cdn.sarenza.cloud/_img/productsv4/0000403275/0000403275_700998_09_504x690.jpg?202411051000&v=20250528164430',57),(226,'https://cdn.sarenza.cloud/_img/productsv4/0000403275/0000403275_700998_03_504x690.jpg?202411051000&v=20250528164430',57),(227,'https://cdn.sarenza.cloud/_img/productsv4/0000403275/0000403275_700998_06_504x690.jpg?202411051000&v=20250528164430',57),(228,'https://cdn.sarenza.cloud/_img/productsv4/0000403275/0000403275_700998_05_504x690.jpg?202411051000&v=20250528164430',57),(229,'https://cdn.sarenza.cloud/_img/productsv4/0000339120/0000339120_603868_09_504x690.jpg?202411051000&v=20250528164430',58),(230,'https://cdn.sarenza.cloud/_img/productsv4/0000339120/0000339120_603868_03_504x690.jpg?202411051000&v=20250528164430',58),(231,'https://cdn.sarenza.cloud/_img/productsv4/0000339120/0000339120_603868_06_504x690.jpg?202411051000&v=20250528164430',58),(232,'https://cdn.sarenza.cloud/_img/productsv4/0000339120/0000339120_603868_05_504x690.jpg?202411051000&v=20250528164430',58),(233,'https://cdn.sarenza.cloud/_img/productsv4/0000480683/0000480683_823955_09_504x690.jpg?202501241544&v=20250528164430',59),(234,'https://cdn.sarenza.cloud/_img/productsv4/0000480683/0000480683_823955_03_504x690.jpg?202501241544&v=20250528164430',59),(235,'https://cdn.sarenza.cloud/_img/productsv4/0000480683/0000480683_823955_06_504x690.jpg?202501241544&v=20250528164430',59),(236,'https://cdn.sarenza.cloud/_img/productsv4/0000480683/0000480683_823955_05_504x690.jpg?202501241544&v=20250528164430',59),(237,'https://cdn.sarenza.cloud/_img/productsv4/0000152347/0000152347_290283_09_504x690.jpg?202411051000&v=20250528164430',60),(238,'https://cdn.sarenza.cloud/_img/productsv4/0000152347/0000152347_290283_03_504x690.jpg?202411051000&v=20250528164430',60),(239,'https://cdn.sarenza.cloud/_img/productsv4/0000152347/0000152347_290283_06_504x690.jpg?202411051000&v=20250528164430',60),(240,'https://cdn.sarenza.cloud/_img/productsv4/0000152347/0000152347_290283_05_504x690.jpg?202411051000&v=20250528164430',60),(241,'https://cdn.sarenza.cloud/_img/productsv4/0000403275/0000403275_700998_09_504x690.jpg?202411051000&v=20250528164430',61),(242,'https://cdn.sarenza.cloud/_img/productsv4/0000403275/0000403275_700998_03_504x690.jpg?202411051000&v=20250528164430',61),(243,'https://cdn.sarenza.cloud/_img/productsv4/0000403275/0000403275_700998_06_504x690.jpg?202411051000&v=20250528164430',61),(244,'https://cdn.sarenza.cloud/_img/productsv4/0000403275/0000403275_700998_05_504x690.jpg?202411051000&v=20250528164430',61),(245,'https://cdn.sarenza.cloud/_img/productsv4/0000480683/0000480683_823955_09_504x690.jpg?202501241544&v=20250528164430',62),(246,'https://cdn.sarenza.cloud/_img/productsv4/0000480683/0000480683_823955_03_504x690.jpg?202501241544&v=20250528164430',62),(247,'https://cdn.sarenza.cloud/_img/productsv4/0000480683/0000480683_823955_06_504x690.jpg?202501241544&v=20250528164430',62),(248,'https://cdn.sarenza.cloud/_img/productsv4/0000480683/0000480683_823955_05_504x690.jpg?202501241544&v=20250528164430',62),(249,'https://cdn.sarenza.cloud/_img/productsv4/0000480683/0000480683_823955_09_504x690.jpg?202501241544&v=20250528164430',63),(250,'https://cdn.sarenza.cloud/_img/productsv4/0000480683/0000480683_823955_03_504x690.jpg?202501241544&v=20250528164430',63),(251,'https://cdn.sarenza.cloud/_img/productsv4/0000480683/0000480683_823955_06_504x690.jpg?202501241544&v=20250528164430',63),(252,'https://cdn.sarenza.cloud/_img/productsv4/0000480683/0000480683_823955_05_504x690.jpg?202501241544&v=20250528164430',63);

INSERT INTO `user` (`id`, `email`, `first_name`, `last_name`, `password`, `role`) VALUES (1,'trqr@trqr.com','TrqR','TrqR','$2a$10$qxGHxMaP6upsJtvNVAxquOwZDseVOp4rMmuabhHgAt1u8LpKh0z8O','ADMIN'),(2,'tristan@tristan.com','tristan','tristan','$2a$10$gQYFcK9wewwxr4njQgq9p.2hVJ9PRsphZ0Q8LNaCJUNBA5lFvIi.W','USER'),(52,'jean@jean','jean','luc','$2a$10$EYxXxghYFp3iozsExqzV0OkAgAtcU7HFWqFjgqeofthBz7x.FX72e','USER'),(102,'boss@boss.com','boss','boss','$2a$10$SZ3NU5jojSLjtczIOxBNoe7koeUIfHqCnKEnQEYxt2.lM8EgXCKGi','USER'),(152,'tristanqr@tristanqr.com','tristanqr','tristanqr','$2a$10$nJRPkaep/JOJwORSSMmEleYMAa0rtNEnHRRnyHe7vOrI8sSGjUHGe','USER'),(202,'bebou@bebou.com','bebou','bebou','$2a$10$HJyyyXfH.o.qsG0JhkqH9OwvKxqIPRNABXl9AFcwcwewY1aCxaZdO','USER');

INSERT INTO `code_promo` (`id`, `code`, `percentage`) VALUES (1,'GIGA25',25),(2,'SUPER10',10);

INSERT INTO `commande` (`id`, `delivery`, `status`, `codepromo_id`, `user_id`, `total_price`, `created_at`) VALUES (302,4.99,'pending',1,2,305.96,NULL),(352,9.99,'paid',1,2,510.93999999999994,NULL),(353,9.99,'delivered',1,2,385.7025,NULL),(502,4.99,'delivered',1,1,143.725,NULL),(552,0,'pending',NULL,1,224.99,NULL),(652,9.99,'paid',1,1,129.975,'2025-07-12 14:47:27.133299'),(702,4.99,'paid',1,52,248.71750000000003,'2025-07-13 20:14:02.042519'),(752,9.99,'pending',NULL,2,164.98000000000002,'2025-07-14 22:59:43.276511'),(802,4.99,'paid',NULL,102,224.98000000000002,'2025-07-14 23:07:35.587573'),(852,9.99,'cancelled',2,152,9.990000000000009,'2025-07-14 23:12:13.065861'),(902,4.99,'pending',1,202,342.4525,'2025-07-19 14:39:10.125629'),(903,9.99,'pending',NULL,202,279.96,'2025-07-19 14:39:51.401453'),(952,9.99,'pending',NULL,2,189.97,'2025-07-19 20:29:55.029555'),(1002,4.99,'pending',1,1,263.7325,'2025-07-21 20:38:27.234652'),(1052,9.99,'pending',1,2,99.98249999999999,'2025-07-25 15:04:03.965243'),(1102,4.99,'pending',1,2,297.475,'2025-07-26 14:59:59.183043'),(1152,4.99,'pending',NULL,2,144.99,'2025-07-28 13:07:44.088709');

INSERT INTO `cart_item` (`id`, `quantity`, `order_id`, `product_id`) VALUES (1,1,302,3),(2,2,302,8),(3,1,302,13),(4,1,352,3),(5,2,352,8),(6,1,352,13),(7,2,352,10),(8,1,353,3),(9,2,353,8),(10,1,353,13),(11,2,353,10),(18,1,502,8),(19,1,502,15),(20,1,552,12),(21,1,552,15),(23,1,652,7),(24,1,652,8),(25,1,702,15),(26,1,702,22),(27,2,702,18),(28,1,752,4),(29,1,752,17),(30,1,802,4),(31,1,802,5),(32,1,852,9),(33,1,852,10),(34,1,852,8),(35,5,902,8),(36,3,903,8),(37,2,952,8),(38,2,1002,4),(39,1,1002,2),(40,1,1002,3),(41,1,1052,5),(42,2,1102,2),(43,2,1102,3),(44,1,1102,4),(45,2,1152,3);

INSERT INTO `favorite` (`id`, `product_id`, `user_id`) VALUES (502,15,1),(505,17,2),(552,8,2),(654,4,2),(702,3,1);
